<?xml version="1.0" encoding="utf-8" standalone="yes"?>
<rss version="2.0" xmlns:atom="http://www.w3.org/2005/Atom">
  <channel>
    <title>Categories on KTM Energy Solutions</title>
    <link>https://ktm-es.com/categories/</link>
    <description>Recent content in Categories on KTM Energy Solutions</description>
    <generator>Hugo</generator>
    <language>en-us</language>
    <atom:link href="https://ktm-es.com/categories/index.xml" rel="self" type="application/rss+xml" />
  </channel>
</rss>
